Campaign_ID,Date,Platform,Audience_Segment,Ad_Creative_Name,Spend_USD,Impressions,Clicks,Conversions,Revenue_USD,CTR_Percent,CPA_USD,ROAS
CAMP_0001,2026-03-15,LinkedIn,College Students 18-24,Last Chance Alert,3193.96,9872,289,16,2231.54,2.94,197.45,0.7
CAMP_0002,2026-05-06,LinkedIn,Corporate Executives 40-55,Get Started Free,4864.59,17989,588,40,3072.33,3.27,121.14,0.63
CAMP_0003,2026-04-22,Google,Corporate Executives 40-55,New Product Launch,1810.53,15342,435,34,3205.54,2.84,52.51,1.77
CAMP_0004,2026-05-03,Google,Corporate Executives 40-55,Exclusive Deal,2221.08,19798,950,129,15669.44,4.8,17.18,7.05
CAMP_0005,2026-04-20,LinkedIn,Soccer Moms 35-45,Premium Features,4739.91,3689,11,0,2.08,0.32,39439.99,0.0
CAMP_0006,2026-02-25,LinkedIn,College Students 18-24,Last Chance Alert,654.75,18911,671,78,6877.65,3.55,8.38,10.5
CAMP_0007,2026-03-05,Google,Soccer Moms 35-45,Premium Features,1331.85,4908,21,0,14.64,0.43,2178.79,0.01
CAMP_0008,2026-03-15,LinkedIn,Corporate Executives 40-55,Black Friday Early,2843.75,19534,1380,172,18695.5,7.07,16.51,6.57
CAMP_0009,2026-02-27,Google,Tech Bros 25-34,New Product Launch,1833.23,9983,209,19,1844.09,2.09,94.98,1.01
CAMP_0010,2026-04-01,LinkedIn,Retirees 55-65,Exclusive Deal,3680.86,5187,17,0,1.43,0.33,35044.06,0.0
CAMP_0011,2026-04-04,LinkedIn,Tech Bros 25-34,Last Chance Alert,2522.53,9144,386,45,5416.16,4.22,55.86,2.15
CAMP_0012,2026-03-05,Google,Retirees 55-65,Exclusive Deal,2624.97,3358,10,0,2.7,0.31,15166.78,0.0
CAMP_0013,2026-04-12,LinkedIn,Retirees 55-65,New Product Launch,3697.98,3332,7,0,1.18,0.23,59644.36,0.0
CAMP_0014,2026-04-19,Meta,College Students 18-24,Get Started Free,1621.82,12924,844,61,4118.76,6.53,26.35,2.54
CAMP_0015,2026-05-14,LinkedIn,Corporate Executives 40-55,Limited Time Offer,3309.59,11547,304,29,2316.73,2.63,113.8,0.7
CAMP_0016,2026-05-07,Google,Corporate Executives 40-55,VIP Membership,1049.4,12275,913,70,8342.94,7.44,14.88,7.95
CAMP_0017,2026-03-15,Meta,Retirees 55-65,Black Friday Early,1240.95,4602,11,0,2.21,0.25,7139.71,0.0
CAMP_0018,2026-03-03,LinkedIn,Retirees 55-65,Join Our Community,1484.44,4674,10,0,0.77,0.22,24040.1,0.0
CAMP_0019,2026-04-14,Google,Soccer Moms 35-45,Exclusive Deal,1853.95,2854,6,0,2.68,0.21,13866.42,0.0
CAMP_0020,2026-04-28,LinkedIn,Young Professionals 30-40,Summer Sale Push,3354.58,16168,838,79,8722.14,5.19,42.21,2.6
CAMP_0021,2026-03-02,LinkedIn,Retirees 55-65,Last Chance Alert,1569.37,5184,10,0,2.58,0.21,9935.46,0.0
CAMP_0022,2026-03-10,LinkedIn,Tech Bros 25-34,New Product Launch,1943.51,10238,229,25,3033.0,2.24,77.52,1.56
CAMP_0023,2026-02-20,Google,Retirees 55-65,Exclusive Deal,2069.0,3288,12,0,2.09,0.38,15016.33,0.0
CAMP_0024,2026-05-20,LinkedIn,College Students 18-24,New Product Launch,1010.63,19096,1387,105,12553.44,7.26,9.61,12.42
CAMP_0025,2026-02-28,Meta,College Students 18-24,Summer Sale Push,1588.34,9117,673,94,11027.56,7.38,16.85,6.94
CAMP_0026,2026-05-05,Meta,Retirees 55-65,Exclusive Deal,3766.8,5691,20,0,5.71,0.37,10825.81,0.0
CAMP_0027,2026-03-09,Meta,College Students 18-24,Join Our Community,3510.45,14968,633,91,13473.09,4.23,38.47,3.84
CAMP_0028,2026-03-12,Google,Soccer Moms 35-45,Limited Time Offer,3613.53,3955,10,0,4.45,0.27,14096.89,0.0
CAMP_0029,2026-03-21,LinkedIn,Retirees 55-65,Summer Sale Push,1886.27,4627,11,0,2.13,0.25,11092.36,0.0
CAMP_0030,2026-04-24,Google,Corporate Executives 40-55,Exclusive Deal,4514.21,15573,1054,105,11829.42,6.77,42.71,2.62
CAMP_0031,2026-04-06,Meta,Young Professionals 30-40,Exclusive Deal,3074.02,17222,389,58,5955.05,2.26,52.81,1.94
CAMP_0032,2026-04-20,Meta,Corporate Executives 40-55,Exclusive Deal,3864.73,19436,774,81,9091.41,3.98,47.4,2.35
CAMP_0033,2026-04-14,Meta,College Students 18-24,Get Started Free,1359.1,11221,551,48,4594.64,4.91,28.26,3.38
CAMP_0034,2026-02-21,Google,Retirees 55-65,Last Chance Alert,816.87,3626,10,0,1.42,0.3,7200.95,0.0
CAMP_0035,2026-04-10,Google,Tech Bros 25-34,Last Chance Alert,3636.57,16429,682,54,7200.14,4.16,67.09,1.98
CAMP_0036,2026-03-05,Meta,Young Professionals 30-40,VIP Membership,523.33,15534,491,28,2687.3,3.17,18.64,5.13
CAMP_0037,2026-03-13,LinkedIn,College Students 18-24,Limited Time Offer,922.92,14939,331,31,3478.65,2.22,28.88,3.77
CAMP_0038,2026-02-27,Google,Soccer Moms 35-45,Join Our Community,1626.13,2116,6,0,2.33,0.29,12730.06,0.0
CAMP_0039,2026-03-31,Meta,College Students 18-24,Get Started Free,2557.69,18104,573,52,6423.44,3.17,48.96,2.51
CAMP_0040,2026-05-20,Meta,Soccer Moms 35-45,VIP Membership,1953.3,4385,12,0,3.66,0.28,8432.78,0.0
CAMP_0041,2026-04-08,Meta,Corporate Executives 40-55,Black Friday Early,2427.42,16261,382,54,5396.23,2.35,44.9,2.22
CAMP_0042,2026-04-27,Meta,Young Professionals 30-40,Get Started Free,3372.22,14200,843,78,9925.5,5.94,42.71,2.94
CAMP_0043,2026-04-22,Google,Retirees 55-65,Get Started Free,1040.74,4025,5,0,0.43,0.13,31611.48,0.0
CAMP_0044,2026-03-01,Meta,College Students 18-24,VIP Membership,3935.14,17682,721,69,8241.53,4.08,56.57,2.09
CAMP_0045,2026-04-29,Google,Young Professionals 30-40,Premium Features,703.87,12495,719,72,9889.01,5.76,9.76,14.05
CAMP_0046,2026-03-03,Meta,College Students 18-24,Last Chance Alert,4747.51,19331,1392,158,20901.01,7.2,30.0,4.4
CAMP_0047,2026-05-04,Google,Retirees 55-65,Summer Sale Push,2562.14,4636,17,0,3.75,0.38,13388.54,0.0
CAMP_0048,2026-05-04,LinkedIn,College Students 18-24,Limited Time Offer,675.33,15419,619,71,6781.86,4.02,9.43,10.04
CAMP_0049,2026-03-27,Google,Corporate Executives 40-55,Limited Time Offer,1673.13,13952,859,72,10516.55,6.16,22.96,6.29
CAMP_0050,2026-03-27,Meta,Young Professionals 30-40,New Product Launch,2965.87,13081,707,76,9584.71,5.41,38.94,3.23
CAMP_0051,2026-03-14,Google,Tech Bros 25-34,Black Friday Early,3112.45,18405,988,73,8848.64,5.37,42.63,2.84
CAMP_0052,2026-03-10,Meta,Retirees 55-65,New Product Launch,2199.78,4602,11,0,1.61,0.25,17700.9,0.0
CAMP_0053,2026-03-07,Meta,College Students 18-24,New Product Launch,4312.14,12258,948,111,11549.45,7.74,38.62,2.68
CAMP_0054,2026-03-30,Meta,Young Professionals 30-40,Exclusive Deal,3210.98,14644,479,69,9042.57,3.28,46.27,2.82
CAMP_0055,2026-05-05,Meta,Young Professionals 30-40,VIP Membership,4884.12,19951,465,57,6289.75,2.34,84.74,1.29
CAMP_0056,2026-04-02,Google,College Students 18-24,New Product Launch,3926.8,15418,401,23,2889.67,2.61,167.26,0.74
CAMP_0057,2026-05-16,Meta,Soccer Moms 35-45,VIP Membership,1159.72,3539,9,0,4.88,0.27,5611.28,0.0
CAMP_0058,2026-05-04,Meta,Tech Bros 25-34,Premium Features,2075.98,16498,806,70,8744.82,4.89,29.31,4.21
CAMP_0059,2026-05-02,Google,Retirees 55-65,Black Friday Early,2455.03,3761,8,0,1.97,0.22,21707.47,0.0
CAMP_0060,2026-04-16,Meta,Tech Bros 25-34,Black Friday Early,3857.2,15000,1165,102,8743.6,7.77,37.81,2.27
CAMP_0061,2026-05-15,Meta,Corporate Executives 40-55,Get Started Free,4834.5,8145,636,34,4850.51,7.82,139.74,1.0
CAMP_0062,2026-03-06,LinkedIn,College Students 18-24,Get Started Free,1638.46,16344,400,26,2123.55,2.45,61.35,1.3
CAMP_0063,2026-03-07,LinkedIn,Tech Bros 25-34,Get Started Free,3636.16,12610,809,114,16767.56,6.42,31.72,4.61
CAMP_0064,2026-04-10,Google,College Students 18-24,Last Chance Alert,3290.6,11328,354,34,3135.7,3.13,96.34,0.95
CAMP_0065,2026-03-20,Meta,Tech Bros 25-34,Premium Features,4937.95,16377,854,69,9215.45,5.22,71.4,1.87
CAMP_0066,2026-04-16,Meta,Corporate Executives 40-55,Exclusive Deal,4201.42,19397,1232,137,13400.16,6.35,30.61,3.19
CAMP_0067,2026-05-15,Google,Soccer Moms 35-45,Get Started Free,618.65,3129,13,0,6.81,0.44,1499.68,0.01
CAMP_0068,2026-03-12,Google,Tech Bros 25-34,Join Our Community,4231.24,14828,353,18,1365.61,2.38,223.23,0.32
CAMP_0069,2026-05-04,LinkedIn,Corporate Executives 40-55,Summer Sale Push,2904.56,16998,1271,137,17293.45,7.48,21.05,5.95
CAMP_0070,2026-04-25,Google,Retirees 55-65,Summer Sale Push,1584.88,3615,6,0,0.7,0.18,27398.09,0.0
CAMP_0071,2026-04-25,Meta,Soccer Moms 35-45,Last Chance Alert,599.83,3494,11,0,5.77,0.34,1880.16,0.01
CAMP_0072,2026-05-15,Google,College Students 18-24,Get Started Free,897.84,17501,969,95,9297.61,5.54,9.45,10.36
CAMP_0073,2026-05-09,Google,Soccer Moms 35-45,Exclusive Deal,4564.18,3851,19,0,9.01,0.49,10820.49,0.0
CAMP_0074,2026-04-11,LinkedIn,Retirees 55-65,Limited Time Offer,2067.15,4541,15,0,2.7,0.34,12405.61,0.0
CAMP_0075,2026-02-25,Meta,Young Professionals 30-40,Premium Features,2567.06,18105,1197,67,4347.85,6.61,37.86,1.69
CAMP_0076,2026-02-23,Meta,Soccer Moms 35-45,Exclusive Deal,2917.69,3380,12,0,5.02,0.38,12768.2,0.0
CAMP_0077,2026-05-12,Meta,Retirees 55-65,Exclusive Deal,2818.56,5919,16,0,2.53,0.28,20305.27,0.0
CAMP_0078,2026-05-08,Google,Young Professionals 30-40,Join Our Community,899.16,9447,450,31,2950.12,4.76,28.28,3.28
CAMP_0079,2026-04-08,Google,Young Professionals 30-40,New Product Launch,915.31,13773,843,85,6328.41,6.13,10.72,6.91
CAMP_0080,2026-04-16,Meta,Tech Bros 25-34,VIP Membership,4407.35,9014,503,74,8101.06,5.58,58.92,1.84
CAMP_0081,2026-02-26,Google,Corporate Executives 40-55,VIP Membership,3919.8,14375,908,51,3746.51,6.32,76.69,0.96
CAMP_0082,2026-05-04,LinkedIn,Corporate Executives 40-55,Limited Time Offer,2513.36,14391,497,38,3593.48,3.45,65.71,1.43
CAMP_0083,2026-04-28,LinkedIn,Tech Bros 25-34,Summer Sale Push,1451.52,11929,324,45,5115.19,2.72,32.19,3.52
CAMP_0084,2026-05-13,Google,Retirees 55-65,New Product Launch,2742.99,3260,8,0,2.05,0.26,23339.08,0.0
CAMP_0085,2026-03-24,Google,Tech Bros 25-34,Get Started Free,2133.87,15751,854,73,10883.48,5.42,29.17,5.1
CAMP_0086,2026-03-15,Meta,Corporate Executives 40-55,Get Started Free,1187.87,10951,324,22,1909.05,2.96,53.3,1.61
CAMP_0087,2026-05-14,LinkedIn,Tech Bros 25-34,Black Friday Early,732.36,8218,508,76,10702.9,6.18,9.63,14.61
CAMP_0088,2026-05-05,LinkedIn,College Students 18-24,Join Our Community,4887.8,13888,880,116,14493.34,6.34,42.04,2.97
CAMP_0089,2026-04-07,Google,Retirees 55-65,Get Started Free,1341.7,3971,9,0,1.42,0.23,11766.87,0.0
CAMP_0090,2026-04-10,Meta,Soccer Moms 35-45,Join Our Community,3115.57,2463,8,0,2.72,0.34,17787.3,0.0
CAMP_0091,2026-05-03,Google,Young Professionals 30-40,Black Friday Early,2970.15,10420,636,37,2712.32,6.11,79.39,0.91
CAMP_0092,2026-04-10,Meta,Tech Bros 25-34,Last Chance Alert,3227.46,17531,462,62,7948.71,2.64,51.62,2.46
CAMP_0093,2026-04-20,Google,Young Professionals 30-40,Last Chance Alert,4959.18,10460,447,63,7970.35,4.28,77.74,1.61
CAMP_0094,2026-05-08,Meta,Retirees 55-65,New Product Launch,3877.26,5398,18,0,1.81,0.35,26507.1,0.0
CAMP_0095,2026-03-23,Google,Corporate Executives 40-55,Premium Features,1922.88,15059,918,87,10861.05,6.1,22.0,5.65
CAMP_0096,2026-04-26,LinkedIn,Young Professionals 30-40,Join Our Community,2929.01,13264,724,62,5905.11,5.46,47.24,2.02
CAMP_0097,2026-04-02,Google,Young Professionals 30-40,Last Chance Alert,1530.61,14514,666,55,6975.6,4.59,27.59,4.56
CAMP_0098,2026-03-18,LinkedIn,Young Professionals 30-40,Summer Sale Push,2900.57,18726,1260,82,7233.75,6.73,35.31,2.49
CAMP_0099,2026-03-22,LinkedIn,Tech Bros 25-34,Premium Features,3064.5,17149,1245,104,14041.1,7.26,29.23,4.58
CAMP_0100,2026-04-05,LinkedIn,College Students 18-24,Last Chance Alert,3217.81,14027,734,72,7017.42,5.24,44.39,2.18
CAMP_0101,2026-05-04,Google,Retirees 55-65,Exclusive Deal,3622.77,4628,8,0,0.98,0.18,43780.0,0.0
CAMP_0102,2026-05-12,Google,Corporate Executives 40-55,Last Chance Alert,2406.19,11455,651,92,6673.29,5.69,26.15,2.77
CAMP_0103,2026-05-02,Meta,Tech Bros 25-34,Last Chance Alert,4424.56,19185,1034,123,17701.24,5.39,35.75,4.0
CAMP_0104,2026-05-16,LinkedIn,Soccer Moms 35-45,Summer Sale Push,3093.3,3820,12,0,7.53,0.33,10006.26,0.0
CAMP_0105,2026-04-15,LinkedIn,Tech Bros 25-34,Get Started Free,4931.79,18066,496,70,9755.11,2.75,69.91,1.98
CAMP_0106,2026-03-16,LinkedIn,Young Professionals 30-40,New Product Launch,3849.12,10466,704,77,5461.87,6.73,49.53,1.42
CAMP_0107,2026-04-11,Google,Retirees 55-65,Join Our Community,2058.56,4040,12,0,1.87,0.32,13457.97,0.0
CAMP_0108,2026-03-17,Google,Tech Bros 25-34,Black Friday Early,1244.81,8406,325,41,3539.22,3.87,29.89,2.84
CAMP_0109,2026-04-21,Google,Young Professionals 30-40,Summer Sale Push,1301.16,19532,564,51,3496.81,2.89,25.18,2.69
CAMP_0110,2026-03-21,Meta,Tech Bros 25-34,Black Friday Early,2420.55,17597,720,69,8113.47,4.1,34.68,3.35
CAMP_0111,2026-03-29,LinkedIn,Soccer Moms 35-45,Summer Sale Push,3989.87,3359,12,0,4.29,0.36,17663.36,0.0
CAMP_0112,2026-03-25,LinkedIn,College Students 18-24,Summer Sale Push,2004.63,8906,580,44,6312.35,6.52,44.7,3.15
CAMP_0113,2026-05-02,Meta,College Students 18-24,Limited Time Offer,4401.47,12895,684,51,4008.85,5.31,85.26,0.91
CAMP_0114,2026-05-08,Google,Tech Bros 25-34,Get Started Free,1303.45,15832,542,32,2664.99,3.43,40.05,2.04
CAMP_0115,2026-05-04,Google,Retirees 55-65,Premium Features,4749.84,3423,7,0,0.81,0.22,63413.1,0.0
CAMP_0116,2026-02-20,LinkedIn,Tech Bros 25-34,Black Friday Early,4316.58,9473,687,78,9694.7,7.26,54.92,2.25
CAMP_0117,2026-03-28,LinkedIn,Young Professionals 30-40,Premium Features,2011.4,17901,747,39,5384.85,4.18,50.34,2.68
CAMP_0118,2026-05-04,Google,Corporate Executives 40-55,New Product Launch,2462.57,11533,887,112,8138.43,7.69,21.97,3.3
CAMP_0119,2026-03-16,Google,Retirees 55-65,Black Friday Early,4099.35,4275,4,0,0.64,0.11,99469.01,0.0
CAMP_0120,2026-03-28,LinkedIn,Tech Bros 25-34,Join Our Community,3402.74,13060,364,51,6245.16,2.79,66.59,1.84
CAMP_0121,2026-05-06,LinkedIn,Corporate Executives 40-55,Limited Time Offer,2883.48,17780,886,50,4853.35,4.99,57.32,1.68
CAMP_0122,2026-04-13,LinkedIn,Young Professionals 30-40,VIP Membership,1130.08,11164,401,49,4087.75,3.6,22.83,3.62
CAMP_0123,2026-04-25,LinkedIn,Soccer Moms 35-45,Summer Sale Push,2384.47,3149,11,0,2.04,0.36,19458.86,0.0
CAMP_0124,2026-04-19,LinkedIn,Young Professionals 30-40,Premium Features,3969.44,8818,619,58,8264.89,7.02,68.39,2.08
CAMP_0125,2026-03-27,LinkedIn,Retirees 55-65,Join Our Community,2642.23,4991,19,0,3.69,0.38,8689.42,0.0
CAMP_0126,2026-03-17,LinkedIn,College Students 18-24,Exclusive Deal,3177.85,8617,428,47,4238.54,4.98,67.54,1.33
CAMP_0127,2026-03-30,Google,Young Professionals 30-40,New Product Launch,838.12,16738,832,98,9806.47,4.97,8.47,11.7
CAMP_0128,2026-04-04,LinkedIn,Retirees 55-65,Limited Time Offer,4097.37,5084,9,0,1.74,0.18,32026.83,0.0
CAMP_0129,2026-05-18,LinkedIn,Retirees 55-65,Summer Sale Push,1115.68,5850,13,0,1.64,0.23,10487.52,0.0
CAMP_0130,2026-03-06,LinkedIn,Young Professionals 30-40,Summer Sale Push,3464.53,16307,1157,86,9025.04,7.1,39.94,2.6
CAMP_0131,2026-05-15,LinkedIn,Soccer Moms 35-45,New Product Launch,4748.27,2118,8,0,4.18,0.41,19102.02,0.0
CAMP_0132,2026-05-17,Google,Soccer Moms 35-45,Black Friday Early,652.76,4092,11,0,8.33,0.29,1936.07,0.01
CAMP_0133,2026-04-20,Meta,Soccer Moms 35-45,Premium Features,4300.47,2957,13,0,2.99,0.45,30177.17,0.0
CAMP_0134,2026-02-23,Meta,Soccer Moms 35-45,Exclusive Deal,3633.3,3019,12,0,2.59,0.42,25492.49,0.0
CAMP_0135,2026-04-02,Meta,Corporate Executives 40-55,New Product Launch,3820.35,14242,649,89,8725.53,4.56,42.72,2.28
CAMP_0136,2026-03-20,Google,Corporate Executives 40-55,Black Friday Early,1334.63,12607,957,54,3321.81,7.6,24.45,2.49
CAMP_0137,2026-05-14,Google,Tech Bros 25-34,Get Started Free,2659.02,14969,543,48,3331.6,3.63,54.47,1.25
CAMP_0138,2026-03-16,Meta,Tech Bros 25-34,Summer Sale Push,997.13,12255,456,36,2944.23,3.72,27.44,2.95
CAMP_0139,2026-04-03,Meta,Young Professionals 30-40,New Product Launch,992.6,12699,348,50,6696.56,2.75,19.54,6.75
CAMP_0140,2026-03-11,Google,Corporate Executives 40-55,Last Chance Alert,2603.31,15360,461,68,5559.9,3.0,37.86,2.14
CAMP_0141,2026-02-22,Meta,Corporate Executives 40-55,Get Started Free,4237.89,9444,215,19,1206.02,2.28,222.45,0.28
CAMP_0142,2026-03-26,Google,Young Professionals 30-40,Get Started Free,3334.0,10595,541,59,6371.55,5.11,56.12,1.91
CAMP_0143,2026-05-03,Google,Soccer Moms 35-45,Summer Sale Push,1192.53,4447,11,0,3.51,0.27,6928.57,0.0
CAMP_0144,2026-05-06,Google,Young Professionals 30-40,Limited Time Offer,2558.44,12694,461,45,2886.18,3.64,56.73,1.13
CAMP_0145,2026-02-24,Google,Tech Bros 25-34,Last Chance Alert,4692.15,16822,620,46,2823.35,3.69,100.47,0.6
CAMP_0146,2026-04-05,Google,Soccer Moms 35-45,Join Our Community,4829.55,2328,10,0,5.08,0.47,14846.93,0.0
CAMP_0147,2026-02-25,Google,Young Professionals 30-40,Exclusive Deal,4211.06,12173,738,78,6615.63,6.07,53.49,1.57
CAMP_0148,2026-04-23,LinkedIn,College Students 18-24,Summer Sale Push,1208.03,9924,397,29,4218.57,4.0,41.15,3.49
CAMP_0149,2026-03-23,LinkedIn,Corporate Executives 40-55,Black Friday Early,4467.37,19535,936,129,7807.26,4.79,34.6,1.75
CAMP_0150,2026-03-04,LinkedIn,Young Professionals 30-40,Black Friday Early,1223.42,17815,1245,125,7602.82,6.99,9.75,6.21
CAMP_0151,2026-04-30,Google,Retirees 55-65,Summer Sale Push,3019.3,3347,7,0,0.67,0.21,82442.67,0.0
CAMP_0152,2026-03-13,LinkedIn,Corporate Executives 40-55,Black Friday Early,2935.7,19555,792,89,12910.95,4.05,32.72,4.4
CAMP_0153,2026-05-12,Google,College Students 18-24,Summer Sale Push,3969.43,16502,798,44,2974.26,4.84,89.05,0.75
CAMP_0154,2026-05-09,Google,Corporate Executives 40-55,Premium Features,3414.08,15132,650,36,4931.54,4.3,92.72,1.44
CAMP_0155,2026-03-30,LinkedIn,Retirees 55-65,VIP Membership,504.63,3476,8,0,1.77,0.24,3148.24,0.0
CAMP_0156,2026-04-16,LinkedIn,Young Professionals 30-40,Premium Features,4279.76,17273,583,36,5091.9,3.38,116.09,1.19
CAMP_0157,2026-03-29,Meta,Young Professionals 30-40,Get Started Free,3373.37,12771,465,69,6690.28,3.65,48.83,1.98
CAMP_0158,2026-05-02,LinkedIn,Soccer Moms 35-45,Exclusive Deal,640.1,3955,12,0,6.61,0.31,1909.86,0.01
CAMP_0159,2026-04-24,Google,Tech Bros 25-34,Summer Sale Push,910.24,9843,464,47,2950.72,4.72,19.0,3.24
CAMP_0160,2026-05-14,Meta,College Students 18-24,VIP Membership,3274.93,17558,858,52,3776.65,4.89,61.8,1.15
CAMP_0161,2026-04-24,Meta,Corporate Executives 40-55,New Product Launch,1223.71,15818,625,68,6753.02,3.96,17.94,5.52
CAMP_0162,2026-03-02,Meta,Tech Bros 25-34,Last Chance Alert,2590.69,16165,706,104,13028.79,4.37,24.85,5.03
CAMP_0163,2026-05-06,Meta,Tech Bros 25-34,Summer Sale Push,4786.92,18893,1198,149,10952.98,6.35,31.96,2.29
CAMP_0164,2026-02-21,Meta,Corporate Executives 40-55,Join Our Community,3281.7,16429,880,44,4010.91,5.36,73.13,1.22
CAMP_0165,2026-05-20,Meta,Tech Bros 25-34,New Product Launch,2077.82,8398,207,18,1339.39,2.47,111.61,0.64
CAMP_0166,2026-02-25,Google,Soccer Moms 35-45,Limited Time Offer,4196.48,2123,8,0,4.02,0.4,16970.37,0.0
CAMP_0167,2026-04-22,Meta,Corporate Executives 40-55,New Product Launch,733.87,14495,906,124,15445.58,6.25,5.9,21.05
CAMP_0168,2026-04-01,Google,Retirees 55-65,Black Friday Early,3473.69,4659,13,0,3.23,0.28,15933.35,0.0
CAMP_0169,2026-04-15,Google,Corporate Executives 40-55,Limited Time Offer,771.58,10965,324,44,3546.6,2.96,17.35,4.6
CAMP_0170,2026-05-13,Google,College Students 18-24,Last Chance Alert,4423.25,13203,298,19,1222.82,2.26,223.83,0.28
CAMP_0171,2026-04-23,Google,Young Professionals 30-40,Last Chance Alert,4886.57,15803,505,59,3965.66,3.2,81.94,0.81
CAMP_0172,2026-02-23,LinkedIn,Tech Bros 25-34,Black Friday Early,2581.8,18419,1172,145,14316.36,6.36,17.73,5.55
CAMP_0173,2026-04-26,Google,College Students 18-24,Last Chance Alert,2944.85,14167,783,41,3963.91,5.53,71.02,1.35
CAMP_0174,2026-03-09,LinkedIn,Soccer Moms 35-45,Premium Features,2397.74,2830,10,0,5.17,0.38,7939.86,0.0
CAMP_0175,2026-02-21,Meta,Tech Bros 25-34,Exclusive Deal,3992.0,12863,721,81,7647.94,5.61,48.83,1.92
CAMP_0176,2026-05-19,LinkedIn,Young Professionals 30-40,Get Started Free,811.1,13245,342,30,3512.09,2.58,26.18,4.33
CAMP_0177,2026-03-31,Google,Corporate Executives 40-55,Summer Sale Push,2259.87,19632,696,80,7194.37,3.55,28.04,3.18
CAMP_0178,2026-02-20,Meta,Retirees 55-65,VIP Membership,830.74,3509,8,0,1.65,0.26,9198.91,0.0
CAMP_0179,2026-03-28,Meta,College Students 18-24,Last Chance Alert,3277.15,16481,494,33,2091.1,3.0,99.2,0.64
CAMP_0180,2026-04-21,LinkedIn,Young Professionals 30-40,Get Started Free,4018.06,16464,770,105,11583.11,4.68,38.24,2.88
CAMP_0181,2026-04-19,Google,Corporate Executives 40-55,Limited Time Offer,1053.37,10773,248,28,2276.2,2.31,37.13,2.16
CAMP_0182,2026-05-19,Meta,Tech Bros 25-34,Summer Sale Push,3131.02,16258,712,69,8503.18,4.38,44.83,2.72
CAMP_0183,2026-03-14,Google,Young Professionals 30-40,New Product Launch,3110.51,11050,566,47,5154.87,5.13,65.11,1.66
CAMP_0184,2026-02-27,Google,Young Professionals 30-40,Premium Features,3671.06,10422,629,92,6334.5,6.04,39.67,1.73
CAMP_0185,2026-03-21,Meta,Corporate Executives 40-55,Get Started Free,4835.06,11063,660,97,9149.49,5.97,49.51,1.89
CAMP_0186,2026-04-28,Google,Soccer Moms 35-45,Summer Sale Push,4238.95,4593,19,0,5.57,0.43,17477.76,0.0
CAMP_0187,2026-04-26,Meta,Tech Bros 25-34,Exclusive Deal,4733.94,17922,1075,115,10587.01,6.0,40.86,2.24
CAMP_0188,2026-05-05,Google,Corporate Executives 40-55,New Product Launch,4398.97,19920,1297,76,6588.53,6.51,57.41,1.5
CAMP_0189,2026-05-13,Google,Young Professionals 30-40,Join Our Community,1971.65,16011,1096,138,18239.39,6.85,14.25,9.25
CAMP_0190,2026-05-01,Meta,Retirees 55-65,Summer Sale Push,1040.94,4633,4,0,0.64,0.1,22377.8,0.0
CAMP_0191,2026-05-20,LinkedIn,Young Professionals 30-40,Exclusive Deal,2248.51,13384,458,40,3220.91,3.43,56.16,1.43
CAMP_0192,2026-04-08,LinkedIn,Retirees 55-65,Last Chance Alert,3506.96,4858,11,0,2.31,0.24,28228.78,0.0
CAMP_0193,2026-03-06,Google,Corporate Executives 40-55,Get Started Free,4161.95,9307,269,27,2271.44,2.89,150.52,0.55
CAMP_0194,2026-03-06,LinkedIn,Corporate Executives 40-55,Limited Time Offer,3719.71,14254,988,92,12946.74,6.93,40.43,3.48
CAMP_0195,2026-04-12,Meta,College Students 18-24,Exclusive Deal,771.2,19213,789,47,4925.96,4.11,16.24,6.39
CAMP_0196,2026-05-20,Google,Retirees 55-65,Exclusive Deal,3114.19,3268,10,0,2.24,0.32,27472.56,0.0
CAMP_0197,2026-04-02,Meta,Corporate Executives 40-55,Black Friday Early,3565.03,10177,524,63,4412.56,5.15,56.25,1.24
CAMP_0198,2026-04-07,Meta,Soccer Moms 35-45,Last Chance Alert,4833.17,3450,15,0,4.94,0.44,15093.72,0.0
CAMP_0199,2026-05-18,LinkedIn,Young Professionals 30-40,Black Friday Early,3370.93,14182,788,102,12060.28,5.56,33.04,3.58
CAMP_0200,2026-03-10,Google,Tech Bros 25-34,VIP Membership,4550.1,12241,418,53,4544.01,3.42,84.85,1.0
CAMP_0201,2026-03-24,LinkedIn,Soccer Moms 35-45,New Product Launch,929.91,3871,12,0,4.71,0.34,3293.95,0.01
CAMP_0202,2026-05-03,LinkedIn,Young Professionals 30-40,Summer Sale Push,1303.01,11747,397,28,3293.76,3.38,46.45,2.53
CAMP_0203,2026-03-30,Google,Young Professionals 30-40,New Product Launch,2735.45,19853,559,66,6446.46,2.82,40.9,2.36
CAMP_0204,2026-03-27,Meta,Tech Bros 25-34,Black Friday Early,2034.91,17824,1001,83,11865.65,5.62,24.27,5.83
CAMP_0205,2026-04-09,Meta,Tech Bros 25-34,Premium Features,1363.4,11880,399,34,2261.01,3.36,39.95,1.66
CAMP_0206,2026-04-04,Google,College Students 18-24,Get Started Free,814.69,15682,568,62,7534.01,3.63,13.11,9.25
CAMP_0207,2026-05-17,Meta,Soccer Moms 35-45,Exclusive Deal,1356.46,2157,6,0,2.91,0.31,11621.02,0.0
CAMP_0208,2026-04-15,Google,College Students 18-24,Last Chance Alert,3112.14,9065,704,79,10227.51,7.77,38.93,3.29
CAMP_0209,2026-03-21,Google,Corporate Executives 40-55,New Product Launch,4198.13,8014,304,45,4641.16,3.81,92.93,1.11
CAMP_0210,2026-03-12,Meta,College Students 18-24,Exclusive Deal,1185.87,19909,1505,156,21260.07,7.56,7.57,17.93
CAMP_0211,2026-03-05,Google,Corporate Executives 40-55,Limited Time Offer,4045.56,18376,1038,104,7772.17,5.65,38.69,1.92
CAMP_0212,2026-04-22,Meta,Soccer Moms 35-45,Limited Time Offer,2214.09,3038,8,0,3.88,0.27,13277.65,0.0
CAMP_0213,2026-03-03,LinkedIn,Soccer Moms 35-45,Premium Features,4430.01,2485,10,0,4.81,0.44,19027.7,0.0
CAMP_0214,2026-04-27,LinkedIn,Tech Bros 25-34,VIP Membership,2928.8,15535,939,96,12114.9,6.05,30.2,4.14
CAMP_0215,2026-05-12,LinkedIn,College Students 18-24,New Product Launch,1951.38,8274,241,17,2557.87,2.92,111.5,1.31
CAMP_0216,2026-04-14,Google,Tech Bros 25-34,Limited Time Offer,1096.36,18344,1382,136,15633.57,7.54,8.03,14.26
CAMP_0217,2026-04-28,Google,Young Professionals 30-40,Premium Features,2761.55,12783,367,31,2111.13,2.88,86.51,0.76
CAMP_0218,2026-04-20,Meta,College Students 18-24,Premium Features,2477.8,9267,541,38,4490.26,5.84,63.88,1.81
CAMP_0219,2026-03-22,LinkedIn,Retirees 55-65,Exclusive Deal,3039.98,3575,5,0,1.26,0.16,42379.4,0.0
CAMP_0220,2026-05-10,LinkedIn,Tech Bros 25-34,Black Friday Early,1576.31,9706,264,21,1469.89,2.73,74.1,0.93
CAMP_0221,2026-03-29,Meta,College Students 18-24,Premium Features,4985.14,17767,1011,81,9469.69,5.69,61.15,1.9
CAMP_0222,2026-03-05,LinkedIn,Soccer Moms 35-45,Get Started Free,4489.72,3349,8,0,2.87,0.26,29892.25,0.0
CAMP_0223,2026-03-12,LinkedIn,Young Professionals 30-40,Join Our Community,4837.2,10982,307,28,3707.97,2.8,171.07,0.77
CAMP_0224,2026-05-12,Google,Soccer Moms 35-45,Last Chance Alert,2908.9,2645,5,0,1.98,0.2,36423.5,0.0
CAMP_0225,2026-03-17,Meta,Young Professionals 30-40,Premium Features,2171.34,11190,657,65,5516.31,5.88,33.04,2.54
CAMP_0226,2026-03-29,Google,College Students 18-24,Limited Time Offer,1961.04,16848,818,71,6843.99,4.86,27.36,3.49
CAMP_0227,2026-04-20,Google,Young Professionals 30-40,VIP Membership,4514.38,19464,1308,106,13007.27,6.72,42.32,2.88
CAMP_0228,2026-02-27,Meta,Tech Bros 25-34,VIP Membership,4686.43,11036,738,97,10228.79,6.69,47.92,2.18
CAMP_0229,2026-04-04,LinkedIn,Corporate Executives 40-55,Last Chance Alert,1521.34,18672,878,121,8440.4,4.7,12.53,5.55
CAMP_0230,2026-03-15,Meta,Young Professionals 30-40,Last Chance Alert,687.53,9017,567,32,2157.74,6.3,21.16,3.14
CAMP_0231,2026-02-26,Meta,Young Professionals 30-40,Premium Features,3818.79,12239,462,39,5098.22,3.78,97.17,1.34
CAMP_0232,2026-03-29,LinkedIn,College Students 18-24,Exclusive Deal,1283.49,9180,547,69,5803.05,5.96,18.55,4.52
CAMP_0233,2026-04-09,LinkedIn,College Students 18-24,Summer Sale Push,1829.5,17230,990,87,6857.91,5.75,20.94,3.75
CAMP_0234,2026-03-03,Google,College Students 18-24,New Product Launch,3397.57,14363,323,47,6263.83,2.25,71.54,1.84
CAMP_0235,2026-03-01,LinkedIn,Soccer Moms 35-45,Join Our Community,2687.07,4760,16,0,6.27,0.36,7095.3,0.0
CAMP_0236,2026-03-13,LinkedIn,Tech Bros 25-34,Last Chance Alert,3193.39,9140,389,40,3879.75,4.26,78.18,1.21
CAMP_0237,2026-03-30,Google,College Students 18-24,Get Started Free,3541.92,13952,289,43,5206.79,2.08,81.92,1.47
CAMP_0238,2026-02-26,Meta,College Students 18-24,New Product Launch,2948.07,15632,520,76,9789.41,3.33,38.35,3.32
CAMP_0239,2026-05-15,LinkedIn,College Students 18-24,Join Our Community,3889.34,11231,588,72,5035.84,5.24,53.84,1.29
CAMP_0240,2026-04-21,LinkedIn,College Students 18-24,Limited Time Offer,1460.8,14070,991,122,13294.18,7.04,11.96,9.1
CAMP_0241,2026-02-27,Meta,Retirees 55-65,Join Our Community,3042.6,5066,18,0,4.7,0.36,11405.74,0.0
CAMP_0242,2026-05-19,Google,Soccer Moms 35-45,Last Chance Alert,1610.05,4179,20,0,4.74,0.5,6461.18,0.0
CAMP_0243,2026-05-20,Google,Young Professionals 30-40,Black Friday Early,3267.4,16254,691,71,7693.14,4.25,45.52,2.35
CAMP_0244,2026-04-30,Google,Corporate Executives 40-55,Summer Sale Push,549.64,16994,1113,131,16803.46,6.55,4.19,30.57
CAMP_0245,2026-03-28,LinkedIn,Young Professionals 30-40,VIP Membership,2157.39,13383,847,117,13319.02,6.33,18.36,6.17
CAMP_0246,2026-03-11,Google,Young Professionals 30-40,Join Our Community,3630.28,8038,459,39,5169.63,5.72,92.33,1.42
CAMP_0247,2026-03-25,Meta,College Students 18-24,Exclusive Deal,791.84,14959,803,85,9738.39,5.37,9.3,12.3
CAMP_0248,2026-05-06,Google,Soccer Moms 35-45,Exclusive Deal,1714.19,4475,15,0,2.81,0.35,9496.96,0.0
CAMP_0249,2026-04-15,Google,Soccer Moms 35-45,Join Our Community,1444.29,4475,15,0,4.52,0.36,5187.88,0.0
CAMP_0250,2026-03-24,Meta,Soccer Moms 35-45,Premium Features,781.44,4404,18,0,8.41,0.43,1672.57,0.01
CAMP_0251,2026-02-28,Meta,Corporate Executives 40-55,Premium Features,2732.75,10139,620,92,11765.15,6.12,29.56,4.31
CAMP_0252,2026-04-30,Google,Young Professionals 30-40,New Product Launch,3044.97,19755,591,70,7996.61,2.99,42.92,2.63
CAMP_0253,2026-03-28,Meta,Retirees 55-65,Exclusive Deal,4733.06,3777,8,0,2.88,0.23,30254.55,0.0
CAMP_0254,2026-03-26,Meta,Young Professionals 30-40,VIP Membership,4718.09,16472,953,52,7408.8,5.79,90.02,1.57
CAMP_0255,2026-03-15,Meta,Tech Bros 25-34,Premium Features,3944.81,9906,560,35,4547.84,5.66,110.7,1.15
CAMP_0256,2026-03-05,Meta,College Students 18-24,Get Started Free,810.31,8684,320,24,2008.88,3.69,33.17,2.48
CAMP_0257,2026-05-12,Google,Corporate Executives 40-55,VIP Membership,4301.55,11217,329,44,2862.58,2.94,96.45,0.67
CAMP_0258,2026-03-23,Google,Retirees 55-65,New Product Launch,2056.64,3945,13,0,1.02,0.33,24968.95,0.0
CAMP_0259,2026-04-17,LinkedIn,College Students 18-24,Last Chance Alert,3020.76,19241,445,40,3411.8,2.31,73.85,1.13
CAMP_0260,2026-05-19,Meta,Soccer Moms 35-45,Get Started Free,1654.39,3962,10,0,4.3,0.26,7553.21,0.0
CAMP_0261,2026-05-16,Meta,College Students 18-24,New Product Launch,1323.57,8264,522,47,3260.26,6.32,27.6,2.46
CAMP_0262,2026-04-09,LinkedIn,Tech Bros 25-34,Summer Sale Push,4912.33,10728,474,49,6494.75,4.42,99.27,1.32
CAMP_0263,2026-04-17,Meta,Soccer Moms 35-45,Join Our Community,1517.66,4540,14,0,4.14,0.33,7934.74,0.0
CAMP_0264,2026-03-29,Google,Soccer Moms 35-45,Limited Time Offer,4378.94,3380,14,0,5.19,0.42,19285.93,0.0
CAMP_0265,2026-04-28,LinkedIn,Soccer Moms 35-45,Exclusive Deal,733.8,4358,11,0,2.87,0.26,4260.88,0.0
CAMP_0266,2026-03-31,Google,College Students 18-24,Join Our Community,580.76,9515,566,37,3112.81,5.96,15.48,5.36
CAMP_0267,2026-04-02,Google,College Students 18-24,VIP Membership,3010.91,14630,375,31,2704.23,2.56,95.11,0.9
CAMP_0268,2026-03-03,LinkedIn,Corporate Executives 40-55,Black Friday Early,3455.51,17865,765,97,14327.2,4.28,35.41,4.15
CAMP_0269,2026-05-12,Google,College Students 18-24,New Product Launch,3099.17,15614,1059,94,13518.44,6.79,32.64,4.36
CAMP_0270,2026-03-31,Google,College Students 18-24,Premium Features,3010.19,9992,567,48,6895.77,5.68,61.44,2.29
CAMP_0271,2026-04-30,Google,Tech Bros 25-34,Summer Sale Push,650.23,12364,790,104,9207.81,6.4,6.23,14.16
CAMP_0272,2026-03-12,Google,Corporate Executives 40-55,Exclusive Deal,4470.87,17643,887,130,12710.55,5.03,34.33,2.84
CAMP_0273,2026-03-16,Google,Young Professionals 30-40,Limited Time Offer,1246.8,18583,848,56,3434.41,4.56,22.19,2.75
CAMP_0274,2026-02-28,LinkedIn,Tech Bros 25-34,Premium Features,3737.09,18683,462,56,4379.76,2.48,65.59,1.17
CAMP_0275,2026-05-15,Google,Soccer Moms 35-45,Join Our Community,3696.09,2943,10,0,5.2,0.34,13918.83,0.0
CAMP_0276,2026-03-24,Google,Corporate Executives 40-55,Exclusive Deal,4459.2,14305,495,30,2061.93,3.47,146.73,0.46
CAMP_0277,2026-03-13,Meta,Retirees 55-65,Premium Features,4574.12,5219,8,0,1.68,0.16,39199.69,0.0
CAMP_0278,2026-04-07,Meta,Young Professionals 30-40,Exclusive Deal,640.02,16871,445,36,2188.7,2.64,17.65,3.42
CAMP_0279,2026-04-18,LinkedIn,Corporate Executives 40-55,New Product Launch,3448.77,19900,484,27,2535.6,2.44,123.28,0.74
CAMP_0280,2026-03-30,Meta,Corporate Executives 40-55,Get Started Free,649.35,11647,689,99,13724.21,5.92,6.55,21.14
CAMP_0281,2026-04-06,Meta,Retirees 55-65,Limited Time Offer,3428.46,5622,5,0,0.59,0.1,80864.29,0.0
CAMP_0282,2026-03-16,Google,Corporate Executives 40-55,Premium Features,2217.25,9546,427,55,5738.94,4.48,39.84,2.59
CAMP_0283,2026-05-03,Google,Soccer Moms 35-45,Join Our Community,1760.17,4575,13,0,8.37,0.29,4740.09,0.0
CAMP_0284,2026-03-29,Meta,Corporate Executives 40-55,New Product Launch,1871.38,17952,662,90,6376.24,3.69,20.58,3.41
CAMP_0285,2026-05-05,Meta,Young Professionals 30-40,Premium Features,934.41,10902,226,21,1908.71,2.07,42.65,2.04
CAMP_0286,2026-05-16,Meta,Retirees 55-65,New Product Launch,1849.64,5229,5,0,2.06,0.11,16666.36,0.0
CAMP_0287,2026-03-12,Meta,Young Professionals 30-40,Summer Sale Push,1783.81,13150,474,61,6823.61,3.61,29.17,3.83
CAMP_0288,2026-05-11,Meta,College Students 18-24,Get Started Free,3195.4,9379,240,33,4074.26,2.56,94.29,1.28
CAMP_0289,2026-03-10,Google,Tech Bros 25-34,Last Chance Alert,2828.51,13165,513,48,6224.01,3.9,58.92,2.2
CAMP_0290,2026-05-01,Google,College Students 18-24,Join Our Community,3231.9,15575,864,103,8459.55,5.55,31.09,2.62
CAMP_0291,2026-05-17,Google,College Students 18-24,Exclusive Deal,3435.01,19406,1087,135,14276.75,5.6,25.4,4.16
CAMP_0292,2026-04-25,Google,Corporate Executives 40-55,Join Our Community,1644.76,12342,596,32,2364.01,4.83,50.51,1.44
CAMP_0293,2026-04-21,Meta,Young Professionals 30-40,Summer Sale Push,3301.34,13636,638,62,7044.63,4.68,53.04,2.13
CAMP_0294,2026-04-09,Google,Tech Bros 25-34,Summer Sale Push,1485.81,8440,223,18,2479.41,2.65,79.24,1.67
CAMP_0295,2026-04-11,Google,Soccer Moms 35-45,Join Our Community,4692.89,3191,7,0,2.6,0.23,29110.16,0.0
CAMP_0296,2026-02-20,LinkedIn,Tech Bros 25-34,Black Friday Early,2720.96,16427,1307,82,6993.37,7.96,32.96,2.57
CAMP_0297,2026-04-29,LinkedIn,College Students 18-24,Last Chance Alert,4584.25,16568,935,75,10158.79,5.65,60.53,2.22
CAMP_0298,2026-04-28,Meta,Retirees 55-65,Black Friday Early,3729.07,5488,6,0,1.4,0.11,33512.41,0.0
CAMP_0299,2026-03-06,Google,Tech Bros 25-34,Premium Features,2160.74,9452,426,53,3544.01,4.51,40.48,1.64
CAMP_0300,2026-05-03,Meta,Soccer Moms 35-45,New Product Launch,3409.03,4664,17,0,5.82,0.38,9606.42,0.0
CAMP_0301,2026-03-31,Meta,College Students 18-24,Exclusive Deal,3757.88,9446,700,39,4287.31,7.41,94.71,1.14
CAMP_0302,2026-05-15,Google,Tech Bros 25-34,New Product Launch,2399.15,11540,567,61,3907.34,4.92,39.26,1.63
CAMP_0303,2026-04-05,Google,Tech Bros 25-34,New Product Launch,3781.28,15827,1119,133,13176.5,7.07,28.32,3.48
CAMP_0304,2026-04-04,LinkedIn,Tech Bros 25-34,Get Started Free,4377.84,15083,506,44,4501.14,3.36,97.76,1.03
CAMP_0305,2026-03-24,LinkedIn,Tech Bros 25-34,Black Friday Early,1934.9,14986,633,69,8614.42,4.23,27.74,4.45
CAMP_0306,2026-03-10,LinkedIn,Soccer Moms 35-45,Last Chance Alert,1245.33,3937,8,0,5.19,0.21,5871.83,0.0
CAMP_0307,2026-03-29,Meta,Soccer Moms 35-45,Limited Time Offer,3366.06,3021,6,0,2.21,0.22,27641.39,0.0
CAMP_0308,2026-03-21,Meta,Soccer Moms 35-45,Premium Features,3111.0,3679,8,0,2.81,0.23,27357.43,0.0
CAMP_0309,2026-02-25,LinkedIn,Retirees 55-65,Premium Features,946.86,3626,13,0,2.14,0.38,6165.34,0.0
CAMP_0310,2026-05-17,LinkedIn,Young Professionals 30-40,Get Started Free,1801.6,18800,507,73,6515.11,2.7,24.41,3.62
CAMP_0311,2026-03-13,Google,College Students 18-24,Limited Time Offer,4220.18,19808,738,107,10262.69,3.73,39.09,2.43
CAMP_0312,2026-04-02,Meta,Young Professionals 30-40,New Product Launch,2991.7,14500,952,127,12662.36,6.57,23.54,4.23
CAMP_0313,2026-04-28,Google,Young Professionals 30-40,Exclusive Deal,1297.27,14089,854,62,8463.5,6.06,20.66,6.52
CAMP_0314,2026-05-12,LinkedIn,Tech Bros 25-34,Last Chance Alert,4998.71,9806,676,47,6241.99,6.9,104.44,1.25
CAMP_0315,2026-03-27,Google,Tech Bros 25-34,Last Chance Alert,3292.97,10415,455,24,2524.66,4.37,134.08,0.77
CAMP_0316,2026-02-24,Google,Retirees 55-65,Get Started Free,3196.04,4060,9,0,0.94,0.24,59494.3,0.0
CAMP_0317,2026-04-12,Meta,College Students 18-24,New Product Launch,4446.91,19328,559,53,7981.81,2.89,82.62,1.79
CAMP_0318,2026-05-11,Google,Soccer Moms 35-45,Premium Features,1786.03,2609,11,0,3.99,0.43,9007.06,0.0
CAMP_0319,2026-05-03,LinkedIn,Young Professionals 30-40,Limited Time Offer,2495.55,15225,844,110,11355.98,5.55,22.61,4.55
CAMP_0320,2026-03-04,Meta,Tech Bros 25-34,Summer Sale Push,4311.36,18717,444,61,6170.71,2.37,70.11,1.43
CAMP_0321,2026-04-02,LinkedIn,Corporate Executives 40-55,Black Friday Early,586.02,13722,840,102,12573.89,6.13,5.7,21.46
CAMP_0322,2026-02-27,Google,Young Professionals 30-40,Limited Time Offer,2000.33,16796,868,112,16756.65,5.17,17.8,8.38
CAMP_0323,2026-03-28,Google,Tech Bros 25-34,Last Chance Alert,1825.79,8171,525,70,8874.08,6.43,26.06,4.86
CAMP_0324,2026-04-06,Meta,Young Professionals 30-40,New Product Launch,3947.52,18151,1031,60,6306.05,5.68,65.03,1.6
CAMP_0325,2026-04-05,Google,College Students 18-24,Join Our Community,1877.62,14589,845,91,11177.25,5.79,20.63,5.95
CAMP_0326,2026-04-20,Meta,Retirees 55-65,Join Our Community,1848.05,3230,8,0,2.33,0.25,13515.25,0.0
CAMP_0327,2026-05-08,Google,Soccer Moms 35-45,VIP Membership,2312.93,2885,7,0,2.8,0.27,19023.76,0.0
CAMP_0328,2026-03-12,Google,Retirees 55-65,Join Our Community,1946.73,4429,7,0,2.15,0.17,17930.4,0.0
CAMP_0329,2026-03-01,LinkedIn,Young Professionals 30-40,Exclusive Deal,3415.18,9475,694,69,6999.25,7.33,49.01,2.05
CAMP_0330,2026-03-13,Google,College Students 18-24,Premium Features,3571.78,10903,685,90,11992.82,6.28,39.42,3.36
CAMP_0331,2026-05-05,Google,College Students 18-24,Black Friday Early,3742.95,12817,378,52,7013.6,2.95,71.59,1.87
CAMP_0332,2026-03-29,Meta,College Students 18-24,Summer Sale Push,1929.14,8001,405,22,1881.3,5.07,87.01,0.98
CAMP_0333,2026-04-25,Meta,Soccer Moms 35-45,Last Chance Alert,517.19,2740,11,0,3.03,0.42,2737.59,0.01
CAMP_0334,2026-04-09,LinkedIn,Retirees 55-65,New Product Launch,4292.2,3940,13,0,3.5,0.34,17606.06,0.0
CAMP_0335,2026-04-15,Google,College Students 18-24,Exclusive Deal,901.8,16244,806,71,8368.6,4.96,12.6,9.28
CAMP_0336,2026-03-16,Google,Young Professionals 30-40,Get Started Free,4439.8,10193,374,23,2846.97,3.67,188.46,0.64
CAMP_0337,2026-03-19,Google,Tech Bros 25-34,Get Started Free,2639.33,15612,1248,75,7918.65,8.0,34.95,3.0
CAMP_0338,2026-03-04,Meta,Retirees 55-65,Limited Time Offer,3354.91,5312,5,0,1.14,0.1,35009.32,0.0
CAMP_0339,2026-04-05,LinkedIn,Soccer Moms 35-45,New Product Launch,3458.09,3416,15,0,4.94,0.46,15235.73,0.0
CAMP_0340,2026-03-12,Meta,Soccer Moms 35-45,New Product Launch,1114.7,3954,16,0,5.83,0.42,4098.46,0.01
CAMP_0341,2026-03-01,Google,Corporate Executives 40-55,Summer Sale Push,4505.97,11448,481,26,1882.5,4.21,167.64,0.42
CAMP_0342,2026-03-05,Meta,College Students 18-24,Get Started Free,3596.2,10902,814,108,13491.6,7.47,33.01,3.75
CAMP_0343,2026-03-16,Google,Retirees 55-65,New Product Launch,3812.9,3990,14,0,2.3,0.37,28551.06,0.0
CAMP_0344,2026-04-18,Google,College Students 18-24,VIP Membership,3548.94,11742,780,99,10617.66,6.64,35.74,2.99
CAMP_0345,2026-03-16,LinkedIn,Corporate Executives 40-55,Get Started Free,843.73,12590,529,36,3581.63,4.21,23.37,4.24
CAMP_0346,2026-02-26,Meta,Soccer Moms 35-45,Black Friday Early,2066.43,3115,6,0,2.14,0.2,20692.35,0.0
CAMP_0347,2026-04-19,LinkedIn,Retirees 55-65,New Product Launch,2961.33,5489,15,0,1.75,0.28,20434.05,0.0
CAMP_0348,2026-02-23,LinkedIn,Young Professionals 30-40,New Product Launch,4718.2,15239,737,41,4973.01,4.84,114.28,1.05
CAMP_0349,2026-03-08,Google,Tech Bros 25-34,Black Friday Early,4033.35,19895,1047,153,10240.0,5.27,26.31,2.54
CAMP_0350,2026-04-13,LinkedIn,Soccer Moms 35-45,Black Friday Early,1133.61,3867,16,0,5.97,0.43,3129.02,0.01
CAMP_0351,2026-04-06,LinkedIn,College Students 18-24,Summer Sale Push,2053.36,19009,711,69,9670.42,3.74,29.75,4.71
CAMP_0352,2026-03-29,Google,Soccer Moms 35-45,Summer Sale Push,4687.73,3491,9,0,1.96,0.27,45808.24,0.0
CAMP_0353,2026-05-04,LinkedIn,Soccer Moms 35-45,VIP Membership,3558.29,2228,6,0,3.22,0.28,21627.71,0.0
CAMP_0354,2026-05-05,Google,Young Professionals 30-40,Exclusive Deal,1245.87,13346,434,23,3247.81,3.26,52.14,2.61
CAMP_0355,2026-04-22,Meta,Soccer Moms 35-45,Join Our Community,990.02,3909,13,0,6.08,0.35,3995.93,0.01
CAMP_0356,2026-02-23,Meta,College Students 18-24,Get Started Free,2466.48,15122,368,41,6138.12,2.44,59.59,2.49
CAMP_0357,2026-02-27,LinkedIn,Young Professionals 30-40,Limited Time Offer,3642.4,12742,983,144,13756.14,7.72,25.25,3.78
CAMP_0358,2026-04-04,Google,College Students 18-24,Summer Sale Push,2562.06,17376,1348,170,23339.74,7.76,15.04,9.11
CAMP_0359,2026-04-02,Meta,Young Professionals 30-40,VIP Membership,4029.89,12523,665,86,5567.78,5.31,46.43,1.38
CAMP_0360,2026-02-28,Google,Retirees 55-65,Join Our Community,2429.16,3087,7,0,1.26,0.24,21564.22,0.0
CAMP_0361,2026-03-26,Google,Retirees 55-65,Limited Time Offer,4969.65,3134,10,0,1.52,0.33,45659.92,0.0
CAMP_0362,2026-05-12,LinkedIn,Tech Bros 25-34,Black Friday Early,3097.05,12285,826,62,6873.09,6.73,49.91,2.22
CAMP_0363,2026-02-24,Meta,Soccer Moms 35-45,Summer Sale Push,1362.17,4754,10,0,3.8,0.23,6176.58,0.0
CAMP_0364,2026-04-16,Google,Tech Bros 25-34,Summer Sale Push,1166.8,16154,541,50,6285.42,3.35,23.15,5.39
CAMP_0365,2026-03-17,LinkedIn,Young Professionals 30-40,Exclusive Deal,1968.52,18075,517,48,6802.91,2.86,40.9,3.46
CAMP_0366,2026-03-10,Meta,Young Professionals 30-40,Premium Features,4204.22,18666,983,69,5747.14,5.27,60.7,1.37
CAMP_0367,2026-03-18,LinkedIn,Corporate Executives 40-55,New Product Launch,2139.59,11542,839,80,5528.1,7.28,26.53,2.58
CAMP_0368,2026-05-17,LinkedIn,Young Professionals 30-40,Premium Features,3621.28,17253,1022,66,9252.03,5.93,54.34,2.55
CAMP_0369,2026-04-20,Meta,College Students 18-24,Black Friday Early,4689.54,12701,670,69,7831.04,5.28,67.75,1.67
CAMP_0370,2026-04-11,Google,Corporate Executives 40-55,Get Started Free,3754.08,10406,335,17,1699.36,3.22,219.53,0.45
CAMP_0371,2026-03-21,Google,College Students 18-24,Join Our Community,3792.76,15687,705,88,10199.88,4.5,42.71,2.69
CAMP_0372,2026-03-30,Google,Young Professionals 30-40,New Product Launch,1637.66,11257,309,25,3888.51,2.75,63.16,2.37
CAMP_0373,2026-04-19,Google,Young Professionals 30-40,Join Our Community,3157.87,15932,393,41,5091.73,2.47,76.8,1.61
CAMP_0374,2026-03-16,Google,Corporate Executives 40-55,New Product Launch,1709.81,15541,760,65,9526.04,4.89,26.1,5.57
CAMP_0375,2026-05-18,LinkedIn,Young Professionals 30-40,Get Started Free,961.32,14166,715,62,8958.71,5.05,15.45,9.32
CAMP_0376,2026-04-01,Google,Retirees 55-65,Join Our Community,4644.48,5083,16,0,3.7,0.32,15992.16,0.0
CAMP_0377,2026-04-07,Meta,Tech Bros 25-34,Join Our Community,2010.25,19742,1409,169,21235.98,7.14,11.87,10.56
CAMP_0378,2026-05-13,Meta,Tech Bros 25-34,Summer Sale Push,2212.33,9956,668,82,7809.43,6.72,26.8,3.53
CAMP_0379,2026-04-19,LinkedIn,College Students 18-24,Exclusive Deal,551.38,16444,1286,120,9786.61,7.82,4.57,17.75
CAMP_0380,2026-02-25,Meta,Retirees 55-65,Join Our Community,2958.94,5901,6,0,1.47,0.12,34531.53,0.0
CAMP_0381,2026-04-04,Meta,Corporate Executives 40-55,Exclusive Deal,4786.1,10720,780,102,12347.33,7.28,46.88,2.58
CAMP_0382,2026-03-07,LinkedIn,Soccer Moms 35-45,Last Chance Alert,4173.85,3504,7,0,3.07,0.22,33108.53,0.0
CAMP_0383,2026-05-05,LinkedIn,Retirees 55-65,Exclusive Deal,554.71,5022,5,0,0.99,0.12,7223.6,0.0
CAMP_0384,2026-03-24,Meta,Retirees 55-65,Summer Sale Push,4707.47,4291,15,0,2.74,0.36,21434.11,0.0
CAMP_0385,2026-03-04,Google,Soccer Moms 35-45,New Product Launch,3584.5,2997,6,0,2.78,0.22,31533.69,0.0
CAMP_0386,2026-05-04,Google,Corporate Executives 40-55,Black Friday Early,2382.5,17011,443,34,2929.07,2.61,69.03,1.23
CAMP_0387,2026-04-22,Meta,Tech Bros 25-34,Last Chance Alert,803.76,14224,437,64,4517.36,3.08,12.49,5.62
CAMP_0388,2026-03-01,Meta,Young Professionals 30-40,Limited Time Offer,3670.49,13072,533,47,4010.42,4.08,76.68,1.09
CAMP_0389,2026-03-30,Google,Tech Bros 25-34,Exclusive Deal,1708.4,11449,680,99,11419.55,5.94,17.1,6.68
CAMP_0390,2026-04-26,LinkedIn,Young Professionals 30-40,Join Our Community,807.5,13164,812,77,5318.02,6.17,10.37,6.59
CAMP_0391,2026-04-30,Google,Young Professionals 30-40,Limited Time Offer,3667.07,12479,671,63,7692.98,5.38,57.43,2.1
CAMP_0392,2026-04-13,Meta,Retirees 55-65,Premium Features,1622.86,3006,4,0,0.45,0.15,52494.08,0.0
CAMP_0393,2026-03-19,LinkedIn,Retirees 55-65,Join Our Community,4725.76,3020,10,0,1.98,0.33,32811.37,0.0
CAMP_0394,2026-04-06,Meta,Tech Bros 25-34,Premium Features,4713.2,14503,1107,79,10002.01,7.64,59.05,2.12
CAMP_0395,2026-03-16,Google,Corporate Executives 40-55,Join Our Community,958.52,8099,372,22,2813.0,4.6,43.4,2.93
CAMP_0396,2026-04-10,LinkedIn,College Students 18-24,New Product Launch,2472.73,19955,673,70,8486.2,3.38,35.07,3.43
CAMP_0397,2026-04-29,Meta,Tech Bros 25-34,Get Started Free,4448.62,16864,351,26,2084.16,2.08,169.26,0.47
CAMP_0398,2026-04-08,LinkedIn,Soccer Moms 35-45,Last Chance Alert,2096.87,3274,8,0,3.98,0.26,11030.17,0.0
CAMP_0399,2026-05-04,LinkedIn,Soccer Moms 35-45,Limited Time Offer,4122.91,4468,21,0,7.61,0.48,9206.39,0.0
CAMP_0400,2026-02-25,Google,Tech Bros 25-34,Black Friday Early,3820.63,14257,343,29,4277.65,2.41,127.61,1.12
CAMP_0401,2026-05-15,LinkedIn,Tech Bros 25-34,Black Friday Early,1709.84,12421,915,106,13978.28,7.37,16.01,8.18
CAMP_0402,2026-03-28,Google,Young Professionals 30-40,VIP Membership,1617.73,16465,751,70,8392.12,4.57,22.83,5.19
CAMP_0403,2026-02-26,LinkedIn,College Students 18-24,Limited Time Offer,4211.34,11508,536,28,2439.63,4.66,150.34,0.58
CAMP_0404,2026-02-20,Meta,Retirees 55-65,Join Our Community,627.4,3630,6,0,1.06,0.18,5974.9,0.0
CAMP_0405,2026-04-07,Google,Corporate Executives 40-55,Get Started Free,1222.08,8845,275,32,4468.82,3.11,38.11,3.66
CAMP_0406,2026-03-12,LinkedIn,Retirees 55-65,Premium Features,1801.34,3929,6,0,1.34,0.17,20587.39,0.0
CAMP_0407,2026-04-09,Meta,Soccer Moms 35-45,Premium Features,4426.86,4484,11,0,7.11,0.26,14235.46,0.0
CAMP_0408,2026-03-30,Google,Soccer Moms 35-45,Black Friday Early,1543.03,2955,13,0,3.75,0.47,9592.31,0.0
CAMP_0409,2026-05-16,Google,Tech Bros 25-34,Join Our Community,4075.19,18612,757,72,7087.7,4.07,55.95,1.74
CAMP_0410,2026-05-15,Meta,Young Professionals 30-40,Get Started Free,2349.92,16663,717,71,7008.73,4.31,33.08,2.98
CAMP_0411,2026-03-23,Google,Young Professionals 30-40,Join Our Community,4052.44,11561,606,51,4989.0,5.25,79.02,1.23
CAMP_0412,2026-05-08,Google,Retirees 55-65,VIP Membership,2094.22,3316,5,0,1.14,0.17,29623.11,0.0
CAMP_0413,2026-03-24,LinkedIn,Corporate Executives 40-55,Exclusive Deal,2010.53,16992,922,137,13350.59,5.43,14.66,6.64
CAMP_0414,2026-03-04,Google,Tech Bros 25-34,Exclusive Deal,3555.4,12942,844,59,5314.44,6.52,59.86,1.49
CAMP_0415,2026-03-30,Google,Tech Bros 25-34,Limited Time Offer,599.64,19341,1195,119,17135.46,6.18,5.04,28.58
CAMP_0416,2026-04-25,Google,Tech Bros 25-34,Black Friday Early,1014.29,17177,1043,132,19340.5,6.07,7.64,19.07
CAMP_0417,2026-03-17,Meta,Corporate Executives 40-55,Summer Sale Push,4357.89,16078,715,99,7926.28,4.45,43.97,1.82
CAMP_0418,2026-04-11,Meta,Corporate Executives 40-55,New Product Launch,2910.45,18033,1249,167,17397.75,6.93,17.34,5.98
CAMP_0419,2026-04-13,Google,Tech Bros 25-34,Black Friday Early,2530.82,10201,727,100,10253.76,7.13,25.17,4.05
CAMP_0420,2026-05-06,Google,Corporate Executives 40-55,New Product Launch,4115.92,18821,606,34,4776.12,3.22,119.75,1.16
CAMP_0421,2026-04-05,LinkedIn,Tech Bros 25-34,Last Chance Alert,4856.3,8798,518,29,2790.55,5.89,163.22,0.57
CAMP_0422,2026-04-22,Google,College Students 18-24,VIP Membership,1945.23,10641,436,38,2521.43,4.1,51.06,1.3
CAMP_0423,2026-04-09,LinkedIn,College Students 18-24,Premium Features,703.94,12199,924,81,10955.34,7.58,8.66,15.56
CAMP_0424,2026-04-05,Meta,College Students 18-24,Limited Time Offer,3977.64,14581,349,44,4985.1,2.4,89.79,1.25
CAMP_0425,2026-02-28,Google,Soccer Moms 35-45,Premium Features,1131.46,4013,15,0,6.43,0.39,2938.54,0.01
CAMP_0426,2026-03-27,LinkedIn,College Students 18-24,Join Our Community,3874.9,18898,1238,135,16150.04,6.55,28.52,4.17
CAMP_0427,2026-02-27,Google,Young Professionals 30-40,Get Started Free,3345.76,9877,478,58,4910.87,4.84,57.49,1.47
CAMP_0428,2026-05-10,LinkedIn,Tech Bros 25-34,Last Chance Alert,3198.97,18338,1322,161,20583.15,7.21,19.76,6.43
CAMP_0429,2026-04-22,Meta,Soccer Moms 35-45,Limited Time Offer,1101.43,3331,11,0,6.29,0.34,3380.83,0.01
CAMP_0430,2026-03-04,Google,Tech Bros 25-34,Exclusive Deal,4725.81,15636,617,47,3665.67,3.95,99.51,0.78
CAMP_0431,2026-04-30,LinkedIn,College Students 18-24,Black Friday Early,1690.86,15943,1098,140,18036.29,6.89,12.04,10.67
CAMP_0432,2026-03-12,Google,Young Professionals 30-40,Premium Features,2157.56,13188,288,21,1380.82,2.19,98.49,0.64
CAMP_0433,2026-03-20,LinkedIn,Young Professionals 30-40,Last Chance Alert,4361.54,17405,796,55,5931.58,4.57,78.15,1.36
CAMP_0434,2026-03-18,LinkedIn,Young Professionals 30-40,Join Our Community,924.47,16976,1167,140,20716.45,6.88,6.56,22.41
CAMP_0435,2026-03-26,LinkedIn,Young Professionals 30-40,VIP Membership,525.73,13589,737,59,5255.63,5.43,8.87,10.0
CAMP_0436,2026-03-29,LinkedIn,Retirees 55-65,Get Started Free,4026.82,4698,9,0,1.66,0.19,29844.56,0.0
CAMP_0437,2026-02-22,LinkedIn,Corporate Executives 40-55,Last Chance Alert,3306.84,17147,383,51,5928.35,2.23,64.57,1.79
CAMP_0438,2026-04-21,Meta,Young Professionals 30-40,VIP Membership,2257.67,8831,514,63,7672.47,5.83,35.56,3.4
CAMP_0439,2026-04-23,LinkedIn,Tech Bros 25-34,Premium Features,3062.68,18420,787,68,7937.71,4.27,44.63,2.59
CAMP_0440,2026-03-05,LinkedIn,Young Professionals 30-40,Exclusive Deal,2493.77,13929,998,95,13873.5,7.17,25.99,5.56
CAMP_0441,2026-05-17,LinkedIn,Retirees 55-65,Limited Time Offer,2130.94,5590,7,0,2.29,0.13,15179.97,0.0
CAMP_0442,2026-03-06,Meta,Retirees 55-65,New Product Launch,3418.88,3825,5,0,1.31,0.15,41851.08,0.0
CAMP_0443,2026-04-19,Google,Corporate Executives 40-55,Limited Time Offer,3504.92,18048,544,28,3679.95,3.02,123.93,1.05
CAMP_0444,2026-05-07,LinkedIn,College Students 18-24,Last Chance Alert,4112.65,19531,1018,100,9683.77,5.22,40.84,2.35
CAMP_0445,2026-03-13,Google,Young Professionals 30-40,Summer Sale Push,1746.56,19055,1047,114,10529.22,5.5,15.25,6.03
CAMP_0446,2026-04-05,Meta,Soccer Moms 35-45,Summer Sale Push,3230.81,4642,21,0,8.56,0.46,6457.35,0.0
CAMP_0447,2026-05-11,LinkedIn,Retirees 55-65,Get Started Free,4100.33,5653,7,0,0.76,0.14,65831.02,0.0
CAMP_0448,2026-03-03,LinkedIn,Tech Bros 25-34,Last Chance Alert,4733.48,17310,479,40,4027.34,2.77,116.58,0.85
CAMP_0449,2026-03-25,Meta,Tech Bros 25-34,VIP Membership,4720.84,9021,389,22,1754.84,4.31,212.45,0.37
CAMP_0450,2026-03-31,LinkedIn,College Students 18-24,Limited Time Offer,1708.53,9211,276,17,2644.15,3.0,95.36,1.55
CAMP_0451,2026-03-04,LinkedIn,Retirees 55-65,Last Chance Alert,1488.68,3061,10,0,1.51,0.35,13328.24,0.0
CAMP_0452,2026-03-13,Meta,Soccer Moms 35-45,Join Our Community,4542.07,4330,9,0,5.09,0.22,15822.22,0.0
CAMP_0453,2026-04-20,Google,Retirees 55-65,Get Started Free,2653.23,5341,10,0,0.99,0.19,26865.83,0.0
CAMP_0454,2026-02-28,Google,Tech Bros 25-34,Summer Sale Push,2568.13,11677,809,45,4405.29,6.93,56.94,1.72
CAMP_0455,2026-04-23,Google,Young Professionals 30-40,New Product Launch,3084.29,16006,1066,145,12819.53,6.66,21.23,4.16
CAMP_0456,2026-05-03,LinkedIn,Young Professionals 30-40,Summer Sale Push,3943.22,19285,404,41,4230.31,2.09,95.43,1.07
CAMP_0457,2026-04-28,LinkedIn,College Students 18-24,Join Our Community,4272.04,12336,883,80,7170.97,7.16,53.34,1.68
CAMP_0458,2026-05-20,LinkedIn,Tech Bros 25-34,Last Chance Alert,1383.89,19417,592,63,7097.8,3.05,21.86,5.13
CAMP_0459,2026-04-13,Google,Corporate Executives 40-55,Premium Features,4866.06,19187,1237,96,6930.26,6.45,50.45,1.42
CAMP_0460,2026-05-02,Google,Retirees 55-65,Exclusive Deal,1322.77,5477,10,0,3.79,0.19,6878.14,0.0
CAMP_0461,2026-03-22,Google,Tech Bros 25-34,Join Our Community,2185.47,17572,738,43,4775.5,4.2,50.39,2.19
CAMP_0462,2026-03-13,Meta,Young Professionals 30-40,Premium Features,3527.44,10646,352,48,3992.31,3.31,72.87,1.13
CAMP_0463,2026-03-06,Meta,Young Professionals 30-40,VIP Membership,4066.68,15527,1009,65,6665.08,6.5,61.78,1.64
CAMP_0464,2026-05-20,Meta,Tech Bros 25-34,Last Chance Alert,2687.59,19048,426,33,2657.5,2.24,79.57,0.99
CAMP_0465,2026-03-08,LinkedIn,Retirees 55-65,Black Friday Early,528.96,5317,16,0,4.14,0.31,2249.76,0.01
CAMP_0466,2026-04-15,Google,Young Professionals 30-40,Limited Time Offer,2290.4,17930,542,28,2255.21,3.02,79.62,0.98
CAMP_0467,2026-03-21,Meta,Retirees 55-65,Premium Features,3515.15,4404,14,0,1.63,0.33,35076.76,0.0
CAMP_0468,2026-03-23,Meta,Tech Bros 25-34,Premium Features,4677.73,19956,1352,169,13460.64,6.78,27.59,2.88
CAMP_0469,2026-04-02,LinkedIn,College Students 18-24,Summer Sale Push,3980.21,18979,594,84,10375.9,3.13,47.03,2.61
CAMP_0470,2026-03-14,Google,Retirees 55-65,Black Friday Early,1064.69,5318,9,0,2.16,0.17,7718.35,0.0
CAMP_0471,2026-03-02,Google,Corporate Executives 40-55,Limited Time Offer,1931.22,16993,779,45,3913.25,4.59,42.17,2.03
CAMP_0472,2026-04-16,Meta,Young Professionals 30-40,Exclusive Deal,1821.99,8497,494,54,6450.39,5.82,33.56,3.54
CAMP_0473,2026-03-27,Google,College Students 18-24,Limited Time Offer,3288.27,15195,765,65,9255.32,5.04,50.51,2.81
CAMP_0474,2026-04-16,Google,Young Professionals 30-40,Premium Features,3551.51,14516,592,55,7289.58,4.08,64.07,2.05
CAMP_0475,2026-02-23,LinkedIn,College Students 18-24,Summer Sale Push,900.45,19900,1043,155,22401.07,5.25,5.81,24.88
CAMP_0476,2026-03-25,Google,College Students 18-24,New Product Launch,1579.95,16521,601,50,5076.74,3.64,31.24,3.21
CAMP_0477,2026-04-27,LinkedIn,Soccer Moms 35-45,Last Chance Alert,2619.32,3985,16,0,8.83,0.43,6160.96,0.0
CAMP_0478,2026-04-07,Meta,Retirees 55-65,VIP Membership,4736.9,5352,12,0,2.87,0.24,20624.74,0.0
CAMP_0479,2026-04-26,Google,Soccer Moms 35-45,Premium Features,3908.59,2885,8,0,1.97,0.29,38521.02,0.0
CAMP_0480,2026-03-29,Google,Retirees 55-65,VIP Membership,3217.09,5589,19,0,2.19,0.35,21840.4,0.0
CAMP_0481,2026-04-30,Meta,Soccer Moms 35-45,VIP Membership,1116.9,4201,16,0,6.71,0.39,3147.72,0.01
CAMP_0482,2026-04-27,Meta,Retirees 55-65,Black Friday Early,3463.98,5794,20,0,4.49,0.35,12787.84,0.0
CAMP_0483,2026-04-13,Google,Soccer Moms 35-45,New Product Launch,4741.97,2248,6,0,2.54,0.28,29832.72,0.0
CAMP_0484,2026-04-20,LinkedIn,Young Professionals 30-40,Last Chance Alert,914.76,15020,504,70,9187.23,3.36,13.0,10.04
CAMP_0485,2026-05-03,LinkedIn,Corporate Executives 40-55,Black Friday Early,1276.36,14815,559,80,10763.23,3.78,15.85,8.43
CAMP_0486,2026-03-13,LinkedIn,Soccer Moms 35-45,Get Started Free,1580.32,2432,5,0,1.22,0.23,26244.39,0.0
CAMP_0487,2026-05-10,Meta,Tech Bros 25-34,Summer Sale Push,1120.48,16265,1201,149,10005.07,7.39,7.49,8.93
CAMP_0488,2026-03-26,Google,Tech Bros 25-34,Summer Sale Push,3007.9,9872,691,59,8441.61,7.01,50.65,2.81
CAMP_0489,2026-03-26,Google,Corporate Executives 40-55,Last Chance Alert,4137.83,17883,770,73,6450.03,4.31,56.0,1.56
CAMP_0490,2026-02-25,Google,Young Professionals 30-40,Join Our Community,844.56,13049,732,105,9264.69,5.61,8.03,10.97
CAMP_0491,2026-03-06,Google,Retirees 55-65,Limited Time Offer,4870.18,4686,14,0,1.26,0.31,54838.81,0.0
CAMP_0492,2026-03-15,LinkedIn,Retirees 55-65,Exclusive Deal,845.61,4063,10,0,2.18,0.27,7101.63,0.0
CAMP_0493,2026-03-05,Meta,Young Professionals 30-40,Summer Sale Push,4546.67,19547,911,113,12292.61,4.66,39.89,2.7
CAMP_0494,2026-04-26,Meta,Corporate Executives 40-55,Premium Features,3003.48,8349,621,40,3255.32,7.44,73.63,1.08
CAMP_0495,2026-05-01,LinkedIn,Retirees 55-65,Join Our Community,1929.63,5906,10,0,1.88,0.18,18856.67,0.0
CAMP_0496,2026-03-30,LinkedIn,Soccer Moms 35-45,New Product Launch,1785.65,2274,6,0,1.66,0.29,24552.86,0.0
CAMP_0497,2026-03-14,Google,Retirees 55-65,Black Friday Early,4248.18,4620,16,0,2.58,0.35,22681.2,0.0
CAMP_0498,2026-04-23,Google,Soccer Moms 35-45,Limited Time Offer,1622.76,3642,10,0,4.94,0.28,5629.67,0.0
CAMP_0499,2026-04-30,LinkedIn,Soccer Moms 35-45,Summer Sale Push,3635.13,2973,8,0,2.69,0.27,31831.24,0.0
CAMP_0500,2026-04-20,LinkedIn,Corporate Executives 40-55,Summer Sale Push,2300.96,17399,625,93,5810.48,3.6,24.68,2.53
